<modification>
    <id>Menu3rdLevel</id>
    <version>0.9</version>
    <vqmver>2.5.1</vqmver>
    <author>etss</author>

<!-- php file -->
    <file name="catalog/controller/common/header.php">
        <operation>
            <search position="after"><![CDATA[foreach ($children as $child) {]]></search>
            <add><![CDATA[

// Menu3rdLevel>>>
					$children_lv3_data = array();
					
					$children_lv3 = $this->model_catalog_category->getCategories($child['category_id']);
					
					foreach ($children_lv3 as $child_lv3) {
						$filter_data_lv3 = array(
							'filter_category_id'  => $child_lv3['category_id'],
							'filter_sub_category' => true
						);
						
						$children_lv3_data[] = array(
							'name'  => $child_lv3['name'] . ($this->config->get('config_product_count') ? ' (' . $this->model_catalog_product->getTotalProducts($filter_data_lv3) . ')' : ''),
							'href'  => $this->url->link('product/category', 'path=' . $category['category_id'] . '_' . $child['category_id'] . '_' . $child_lv3['category_id'])
						);
					}
// <<<Menu3rdLevel
            ]]></add>
        </operation>
		<operation>
            <search position="after"><![CDATA['name'  => $child['name'] . ($this->config->get('config_product_count') ? ' (' . $this->model_catalog_product->getTotalProducts($filter_data) . ')' : ''),]]></search>
            <add><![CDATA[

// Menu3rdLevel>>>
						'children_lv3' => $children_lv3_data,
						'column'   => $child['column'] ? $child['column'] : 1,
// <<<Menu3rdLevel
            ]]></add>
        </operation>
    </file>

<!-- tpl file -->
	<file name="catalog/view/theme/default/template/common/header.tpl">
    	<operation>
      		<search position="after"><![CDATA[<link href="catalog/view/theme/default/stylesheet/stylesheet.css" rel="stylesheet">]]></search>
      		<add><![CDATA[
<!-- Menu3rdLevel >>> -->
			<link rel="stylesheet" type="text/css" href="catalog/view/theme/default/stylesheet/menu3rdlevel/menu3rdlevel.css" />
<!-- <<< Menu3rdLevel -->
      ]]></add>
    	</operation>
		
		<operation>
      		<search position="replace"><![CDATA[<script src="catalog/view/javascript/common.js" type="text/javascript"></script>]]></search>
      		<add><![CDATA[
<!-- Menu3rdLevel >>> -->
			<script type="text/javascript" src="catalog/view/javascript/menu3rdlevel/common.js"></script>
<!-- <<< Menu3rdLevel -->
      ]]></add>
    	</operation>

		<operation>
      		<search position="replace"><![CDATA[<li><a href="<?php echo $child['href']; ?>"><?php echo $child['name']; ?></a></li>]]></search>
      		<add><![CDATA[
<?php // Menu3rdLevel >>> ?>
					<?php // isset check to work with another ext ?>
					<?php if (isset($child['children_lv3']) && $child['children_lv3']) { ?>
                		<li><a class="arrow" href="<?php echo $child['href']; ?>"><?php echo $child['name']; ?></a>
                        	<div class="menu3rdlevel">
            					<div class="menu3rdlevel_inner">
              						<?php foreach (array_chunk($child['children_lv3'], ceil(count($child['children_lv3']) / $child['column'])) as $children_lv3) { ?>
              							<ul class="list-unstyled">
                							<?php foreach ($children_lv3 as $child_lv3) { ?>
                                            	<li><a href="<?php echo $child_lv3['href']; ?>"><?php echo $child_lv3['name']; ?></a></li>
                        					<?php } ?>
                                       	</ul>
                                 	<?php } ?>
                           		</div>
                                <a href="<?php echo $child['href']; ?>" class="see-all"><?php echo $text_all; ?> <?php echo $child['name']; ?></a>
                           	</div>
                        </li>
                   	<?php } else { ?>
                    	<li><a href="<?php echo $child['href']; ?>"><?php echo $child['name']; ?></a></li>
                  	<?php } ?>
<?php // <<<Menu3rdLevel ?>
      ]]></add>
    	</operation>
    </file>

	
</modification>