<?xml version="1.0" encoding="utf-8"?>
<modification>
  <name>Manufacturer Logo on Product Page</name>
  <code>manlogo-webbook</code>
  <version>1.0</version>
  <author>webBook</author>
  <link>http://opencart.webbook.cz/manlogo</link>
  <file path="catalog/view/theme/*/template/product/product.tpl" error="abort">
    <operation>
      <search trim="false">
        <![CDATA[<li><?php echo $text_manufacturer; ?> <a href="<?php echo $manufacturers; ?>"><?php echo $manufacturer; ?></a></li>]]>
      </search>
      <!-- adds brand logo -->
      <add position="before" trim="true" offset="0">
        <![CDATA[<a href="<?php echo $manufacturers; ?>">
            <?php if( isset($manufacturer_img) ) { ?>
            <img  class="pull-right" src="<?php print $manufacturer_img ; ?>" alt="<?php echo $manufacturer; ?>" title="<?php echo $manufacturer; ?>">
            <?php } ?></a>]]>
      </add>
      <!-- replaces brand name with the logo -->
      <!--add position="replace" trim="true" offset="0">
        <![CDATA[<li><?php echo $text_manufacturer; ?><a href="<?php echo $manufacturers; ?>">
            <?php if( isset($manufacturer_img) ) { ?>
            <img src="<?php print $manufacturer_img ; ?>" alt="<?php echo $manufacturer; ?>" title="<?php echo $manufacturer; ?>">
            <?php } ?></a></li>]]>
      </add-->
    </operation>
  </file>
  <file path="catalog/controller/product/product.php" error="abort">
    <operation>
      <search trim="false">
        <![CDATA[$this->load->model('tool/image');]]>
      </search>
      <add position="after" trim="true">
        <![CDATA[$manufacturer_dta = $this->model_catalog_manufacturer->getManufacturer($product_info['manufacturer_id']);
      if(isset($manufacturer_dta['image']) && file_exists(DIR_IMAGE.$manufacturer_dta['image']))
      {
        $manufacturer_img = $this->model_tool_image->resize($manufacturer_dta['image'], 50, 50);
        $data['manufacturer_img'] = $manufacturer_img;
      } ]]>
      </add>
    </operation>
  </file>
</modification>
