<?xml version="1.0" encoding="utf-8"?>
<modification>
  <name>Modification watermark module for opencart</name>
  <code>default</code>
  <version>1.0</version>
  <author>Webengineer</author>
  <link>http://www.opencart.com</link>

  <file path="catalog/controller/module/featured.php">
	  <operation>
      <search regex="false">
        <![CDATA[$image = $this->model_tool_image->resize($product_info['image'], $setting['width'], $setting['height']);]]>
      </search>
      <add position="replace">
        <![CDATA[$image = $this->model_tool_image->resize($product_info['image'], $setting['width'], $setting['height'],'product_list');]]>
      </add>
    </operation>
  </file>

  <file path="catalog/controller/module/bestseller.php">
    <operation>
      <search regex="false">
        <![CDATA[$image = $this->model_tool_image->resize($result['image'], $setting['width'], $setting['height']);]]>
      </search>
      <add position="replace">
        <![CDATA[$image = $this->model_tool_image->resize($result['image'], $setting['width'], $setting['height'],'product_list');]]>
      </add>
    </operation>
  </file>

  <file path="catalog/controller/module/ebay_listing.php">
    <operation>
      <search regex="false">
        <![CDATA[$image = $this->model_openbay_ebay_product->resize($product['pictures'][0], $this->config->get('ebay_listing_width'), $this->config->get('ebay_listing_height'));]]>
      </search>
      <add position="replace">
        <![CDATA[$image = $this->model_openbay_ebay_product->resize($product['pictures'][0], $this->config->get('ebay_listing_width'), $this->config->get('ebay_listing_height'),'product_list');]]>
      </add>
    </operation>
  </file>

  <file path="catalog/controller/module/carousel.php">
    <operation>
      <search regex="false">
        <![CDATA['image' => $this->model_tool_image->resize($result['image'], $setting['width'], $setting['height'])]]>
      </search>
      <add position="replace">
        <![CDATA['image' => $this->model_tool_image->resize($result['image'], $setting['width'], $setting['height'], 'product_in_cart')]]>
      </add>
    </operation>
  </file>

  <file path="catalog/controller/module/latest.php">
    <operation>
      <search regex="false">
        <![CDATA[$image = $this->model_tool_image->resize($result['image'], $setting['width'], $setting['height']);]]>
      </search>
      <add position="replace">
        <![CDATA[$image = $this->model_tool_image->resize($result['image'], $setting['width'], $setting['height'],'product_list');]]>
      </add>
    </operation>
  </file>

  <file path="catalog/controller/module/special.php">
    <operation>
      <search regex="false">
        <![CDATA[$image = $this->model_tool_image->resize($result['image'], $setting['width'], $setting['height']);]]>
      </search>
      <add position="replace">
        <![CDATA[$image = $this->model_tool_image->resize($result['image'], $setting['width'], $setting['height'],'product_list');]]>
      </add>
    </operation>
  </file>

  <file path="catalog/controller/module/slideshow.php">
    <operation>
      <search regex="false">
        <![CDATA['image' => $this->model_tool_image->resize($result['image'], $setting['width'], $setting['height'])]]>
      </search>
      <add position="replace">
        <![CDATA['image' => $this->model_tool_image->resize($result['image'], $setting['width'], $setting['height'], 'category_image')]]>
      </add>
    </operation>
  </file>

  <file path="catalog/controller/module/banner.php">
    <operation>
      <search regex="false">
        <![CDATA['image' => $this->model_tool_image->resize($result['image'], $setting['width'], $setting['height'])]]>
      </search>
      <add position="replace">
        <![CDATA['image' => $this->model_tool_image->resize($result['image'], $setting['width'], $setting['height'], 'category_image')]]>
      </add>
    </operation>
  </file>

  <file path="catalog/controller/feed/google_sitemap.php">
    <operation>
      <search regex="false">
        <![CDATA[$output .= '<image:loc>' . $this->model_tool_image->resize($product['image'], $this->config->get('config_image_popup_width'), $this->config->get('config_image_popup_height')) . '</image:loc>';]]>
      </search>
      <add position="replace">
        <![CDATA[$output .= '<image:loc>' . $this->model_tool_image->resize($product['image'], $this->config->get('config_image_popup_width'), $this->config->get('config_image_popup_height'), 'product_popup') . '</image:loc>';]]>
      </add>
    </operation>
  </file>

  <file path="catalog/controller/feed/google_base.php">
    <operation>
      <search regex="false">
        <![CDATA[$output .= '<g:image_link>' . $this->model_tool_image->resize($product['image'], 500, 500) . '</g:image_link>';]]>
      </search>
      <add position="replace">
        <![CDATA[$output .= '<g:image_link>' . $this->model_tool_image->resize($product['image'], 500, 500, 'product_popup') . '</g:image_link>';]]>
      </add>
    </operation>
  </file>

  <file path="catalog/controller/product/product.php">
    <operation>
      <search regex="false">
        <![CDATA[$data['popup'] = $this->model_tool_image->resize($product_info['image'], $this->config->get('config_image_popup_width'), $this->config->get('config_image_popup_height'));]]>
      </search>
      <add position="replace">
        <![CDATA[$data['popup'] = $this->model_tool_image->resize($product_info['image'], $this->config->get('config_image_popup_width'), $this->config->get('config_image_popup_height'), 'product_popup');]]>
      </add>
    </operation>
    <operation>
      <search regex="false">
        <![CDATA[$data['thumb'] = $this->model_tool_image->resize($product_info['image'], $this->config->get('config_image_thumb_width'), $this->config->get('config_image_thumb_height'));]]>
      </search>
      <add position="replace">
        <![CDATA[$data['thumb'] = $this->model_tool_image->resize($product_info['image'], $this->config->get('config_image_thumb_width'), $this->config->get('config_image_thumb_height'), 'product_thumb');]]>
      </add>
    </operation>
    <operation>
      <search regex="false">
        <![CDATA['popup' => $this->model_tool_image->resize($result['image'], $this->config->get('config_image_popup_width'), $this->config->get('config_image_popup_height')),]]>
      </search>
      <add position="replace">
        <![CDATA['popup' => $this->model_tool_image->resize($result['image'], $this->config->get('config_image_popup_width'), $this->config->get('config_image_popup_height'), 'product_popup'),]]>
      </add>
    </operation>
    <operation>
      <search regex="false">
        <![CDATA['thumb' => $this->model_tool_image->resize($result['image'], $this->config->get('config_image_additional_width'), $this->config->get('config_image_additional_height'))]]>
      </search>
      <add position="replace">
        <![CDATA['thumb' => $this->model_tool_image->resize($result['image'], $this->config->get('config_image_additional_width'), $this->config->get('config_image_additional_height'), 'product_popup')]]>
      </add>
    </operation>
    <operation>
      <search regex="false">
        <![CDATA[$image = $this->model_tool_image->resize($result['image'], $this->config->get('config_image_related_width'), $this->config->get('config_image_related_height'));]]>
      </search>
      <add position="replace">
        <![CDATA[$image = $this->model_tool_image->resize($result['image'], $this->config->get('config_image_related_width'), $this->config->get('config_image_related_height'), 'product_related');]]>
      </add>
    </operation>
  </file>

  <file path="catalog/controller/product/special.php">
    <operation>
      <search regex="false">
        <![CDATA[$image = $this->model_tool_image->resize($result['image'], $this->config->get('config_image_product_width'), $this->config->get('config_image_product_height'));]]>
      </search>
      <add position="replace">
        <![CDATA[$image = $this->model_tool_image->resize($result['image'], $this->config->get('config_image_product_width'), $this->config->get('config_image_product_height'),'product_list');]]>
      </add>
    </operation>
  </file>

  <file path="catalog/controller/product/manufacturer.php">
    <operation>
      <search regex="false">
        <![CDATA[$image = $this->model_tool_image->resize($result['image'], $this->config->get('config_image_product_width'), $this->config->get('config_image_product_height'));]]>
      </search>
      <add position="replace">
        <![CDATA[$image = $this->model_tool_image->resize($result['image'], $this->config->get('config_image_product_width'), $this->config->get('config_image_product_height'),'product_list');]]>
      </add>
    </operation>
  </file>

  <file path="catalog/controller/product/search.php">
    <operation>
      <search regex="false">
        <![CDATA[$image = $this->model_tool_image->resize($result['image'], $this->config->get('config_image_product_width'), $this->config->get('config_image_product_height'));]]>
      </search>
      <add position="replace">
        <![CDATA[$image = $this->model_tool_image->resize($result['image'], $this->config->get('config_image_product_width'), $this->config->get('config_image_product_height'),'product_list');]]>
      </add>
    </operation>
  </file>

  <file path="catalog/controller/product/compare.php">
    <operation>
      <search regex="false">
        <![CDATA[$image = $this->model_tool_image->resize($product_info['image'], $this->config->get('config_image_compare_width'), $this->config->get('config_image_compare_height'));]]>
      </search>
      <add position="replace">
        <![CDATA[$image = $this->model_tool_image->resize($product_info['image'], $this->config->get('config_image_compare_width'), $this->config->get('config_image_compare_height'), 'product_in_compare');]]>
      </add>
    </operation>
  </file>

  <file path="catalog/controller/product/category.php">
    <operation>
      <search regex="false">
        <![CDATA[$data['thumb'] = $this->model_tool_image->resize($category_info['image'], $this->config->get('config_image_category_width'), $this->config->get('config_image_category_height'));]]>
      </search>
      <add position="replace">
        <![CDATA[$data['thumb'] = $this->model_tool_image->resize($category_info['image'], $this->config->get('config_image_category_width'), $this->config->get('config_image_category_height'), 'category_image');]]>
      </add>
    </operation>

    <operation>
      <search regex="false">
        <![CDATA[$image = $this->model_tool_image->resize($result['image'], $this->config->get('config_image_product_width'), $this->config->get('config_image_product_height'));]]>
      </search>
      <add position="replace">
        <![CDATA[$image = $this->model_tool_image->resize($result['image'], $this->config->get('config_image_product_width'), $this->config->get('config_image_product_height'), 'product_list');]]>
      </add>
    </operation>
  </file>

  <file path="catalog/controller/common/cart.php">
    <operation>
      <search regex="false">
        <![CDATA[$image = $this->model_tool_image->resize($product['image'], $this->config->get('config_image_cart_width'), $this->config->get('config_image_cart_height'));]]>
      </search>
      <add position="replace">
        <![CDATA[$image = $this->model_tool_image->resize($product['image'], $this->config->get('config_image_cart_width'), $this->config->get('config_image_cart_height'), 'product_in_cart');]]>
      </add>
    </operation>
  </file>

  <file path="catalog/controller/account/wishlist.php">
    <operation>
      <search regex="false">
        <![CDATA[$image = $this->model_tool_image->resize($product_info['image'], $this->config->get('config_image_wishlist_width'), $this->config->get('config_image_wishlist_height'));]]>
      </search>
      <add position="replace">
        <![CDATA[$image = $this->model_tool_image->resize($product_info['image'], $this->config->get('config_image_wishlist_width'), $this->config->get('config_image_wishlist_height'), 'product_in_wish_list');]]>
      </add>
    </operation>
  </file>

  <file path="catalog/controller/payment/pp_express.php">
    <operation>
      <search regex="false">
        <![CDATA[$image = $this->model_tool_image->resize($product['image'], $this->config->get('config_image_cart_width'), $this->config->get('config_image_cart_height'));]]>
      </search>
      <add position="replace">
        <![CDATA[$image = $this->model_tool_image->resize($product['image'], $this->config->get('config_image_cart_width'), $this->config->get('config_image_cart_height'), 'product_in_cart');]]>
      </add>
    </operation>
  </file>

  <file path="catalog/controller/checkout/cart.php">
    <operation>
      <search regex="false">
        <![CDATA[$image = $this->model_tool_image->resize($product['image'], $this->config->get('config_image_cart_width'), $this->config->get('config_image_cart_height'));]]>
      </search>
      <add position="replace">
        <![CDATA[$image = $this->model_tool_image->resize($product['image'], $this->config->get('config_image_cart_width'), $this->config->get('config_image_cart_height'), 'product_in_cart');]]>
      </add>
    </operation>
  </file>

  <file path="catalog/model/tool/image.php">
    <operation>
      <search regex="false">
        <![CDATA[class ModelToolImage extends Model {]]>
      </search>
      <add position="before">
        <![CDATA[

require_once DIR_APPLICATION . 'model/module/watermark/image.watermark.php';

/*
class ModelToolImage extends Model {
        ]]>
      </add>
    </operation>
    <operation>
      <search regex="false" index="9">
        <![CDATA[}]]>
      </search>
      <add position="after">
        <![CDATA[
        */
        ]]>
      </add>
    </operation>
  </file>


</modification>
