<modification>
	<name>3rd Tier Category Module</name>
	<version>1.0.1</version>
	<link>https://www.qualityworks.eu/</link>
	<author>Quality Works</author>
	<code>QW3TC101</code>
	
	<file path="catalog/controller/module/category.php">  
	  <operation>
	      <search><![CDATA[$children_data[] = array]]></search>
	      <add position="before"><![CDATA[
					$grand_children_data = array();
					$grand_children = $this->model_catalog_category->getCategories($child['category_id']);

					foreach($grand_children as $grand_child) {
						$child_filter_data = array('filter_category_id' => $grand_child['category_id'], 'filter_sub_category' => true);

						$grand_children_data[] = array(
							'category_id' => $grand_child['category_id'],
							'name' => $grand_child['name'] . ($this->config->get('config_product_count') ? ' (' . $this->model_catalog_product->getTotalProducts($child_filter_data) . ')' : ''),
							'href' => $this->url->link('product/category', 'path=' . $category['category_id'] . '_' . $child['category_id'] . '_' . $grand_child['category_id'])
						);
					}
		  ]]></add>
	  </operation> 
	  <operation>
	      <search><![CDATA['name' => $child['name'] . ($this->config->get('config_product_count') ? ' (' . $this->model_catalog_product->getTotalProducts($filter_data) . ')' : ''),]]></search>
	      <add position="after"><![CDATA[
						'grand_children' => $grand_children_data,
		  ]]></add>
	  </operation> 
	  <operation>
	      <search><![CDATA[$this->load->model('catalog/category');]]></search>
	      <add position="before"><![CDATA[
		if (isset($parts[2])) {
			$data['grand_child_id'] = $parts[2];
		} else {
			$data['grand_child_id'] = 0;
		}
		  ]]></add>
	  </operation> 
	</file>
	
    <file path="catalog/view/theme/*/template/module/category.tpl">        
      <operation>
        <search ><![CDATA[<a href="<?php echo $child['href']; ?>" class="list-group-item active">&nbsp;&nbsp;&nbsp;- <?php echo $child['name']; ?></a>]]></search>
        <add position="after"><![CDATA[
<?php if ($child['grand_children']) { ?>
<?php foreach ($child['grand_children'] as $grand_child) { ?>
<?php if ($grand_child['category_id'] == $grand_child_id) { ?>
<a href="<?php echo $grand_child['href']; ?>" class="list-group-item active">&nbsp;&nbsp;&nbsp;&nbsp;&nbsp;&nbsp;- <?php echo $grand_child['name']; ?></a>
<?php } else { ?>
<a href="<?php echo $grand_child['href']; ?>" class="list-group-item">&nbsp;&nbsp;&nbsp;&nbsp;&nbsp;&nbsp;- <?php echo $grand_child['name']; ?></a>
<?php } ?>
<?php } ?>
<?php } ?>
        ]]></add>
	  </operation> 
	</file>
	
</modification>