<?xml version="1.0" encoding="UTF-8"?>
<modification>
  <code>Extra Description Category</code>
  <name>Extra Description Category</name>
  <version>2.1</version>
  <author>RoS</author>
  <link></link>
  <file path="admin/controller/catalog/category.php">
    <operation error="skip">                           
      <search><![CDATA[$data['entry_description'] = $this->language->get('entry_description');]]></search>
      <add position="before"><![CDATA[
		$data['entry_extra_description'] = $this->language->get('entry_extra_description');
		$data['help_extra_description'] = $this->language->get('help_extra_description');
		$data['entry_hide_extra_desc'] = $this->language->get('entry_hide_extra_desc');
		$data['help_hide_extra_desc'] = $this->language->get('help_hide_extra_desc');
	  ]]></add>
    </operation>	
	<operation error="skip">                           
      <search><![CDATA[if (isset($this->request->post['path'])) {]]></search>
      <add position="before"><![CDATA[
		if (isset($this->request->post['extra_description'])) {
			$data['extra_description'] = $this->request->post['extra_description'];
		} elseif (isset($this->request->get['category_id'])) {
			$data['extra_description'] = $this->model_catalog_category->getCategoryDescriptions($this->request->get['category_id']);
		} else {
			$data['extra_description'] = array();
		}
		
		if (isset($this->request->post['hide_extra_desc'])) {
			$data['hide_extra_desc'] = $this->request->post['hide_extra_desc'];
		} elseif (!empty($category_info)) {
			$data['hide_extra_desc'] = $category_info['hide_extra_desc'];
		} else {
			$data['hide_extra_desc'] = 0;
		}		
	  ]]></add>
    </operation>
  </file>
  <file path="admin/language/russian/catalog/category.php">
    <operation error="skip">                           
      <search><![CDATA[$_['entry_description']      = 'Описание';]]></search>
      <add position="before"><![CDATA[
		$_['entry_extra_description'] = 'Дополнительное описание';
		$_['help_extra_description']  = 'Отображается внизу под товарами.';
		$_['entry_hide_extra_desc'] = 'Скрывать доп. описаине со 2+ страниц';
		$_['help_hide_extra_desc']  = 'Отображать дополнительное описание на первой странице категорий?';
	  ]]></add>
    </operation>	
  </file>
  <file path="admin/language/english/catalog/category.php">
    <operation error="skip">                           
      <search><![CDATA[$_['entry_description']      = 'Description';]]></search>
      <add position="before"><![CDATA[
		$_['entry_extra_description'] = 'Additional description';
		$_['help_extra_description']  = 'Displayed at the bottom, after the products.';
		$_['entry_hide_extra_desc'] = 'Hide additional description with 2+ pages.';
		$_['help_hide_extra_desc']  = 'Display additional description on the front page of the categories?';
	  ]]></add>
    </operation>	
  </file>
  <file path="admin/view/template/catalog/category_form.tpl">
    <operation error="skip">                           
      <search><![CDATA[<?php echo isset($category_description[$language['language_id']]) ? $category_description[$language['language_id']]['description'] : ''; ?></textarea>]]></search>
      <add position="after" offset="2"><![CDATA[
		<div class="form-group">
		  <label class="col-sm-2 control-label" for="input-full-description<?php echo $language['language_id']; ?>"><span data-toggle="tooltip" title="<?php echo $help_extra_description; ?>"><?php echo $entry_extra_description; ?></span></label>
		  <div class="col-sm-10">
			<textarea name="category_description[<?php echo $language['language_id']; ?>][extra_description]" placeholder="<?php echo $entry_description; ?>" id="input-full-description<?php echo $language['language_id']; ?>" class="form-control"><?php echo isset($category_description[$language['language_id']]) ? $category_description[$language['language_id']]['extra_description'] : ''; ?></textarea>
		  </div>
		</div>
	  ]]></add>
    </operation>
	<operation error="skip">                           
      <search><![CDATA[<div class="tab-pane" id="tab-design">]]></search>
      <add position="before" offset="1"><![CDATA[
		<div class="form-group">
		  <label class="col-sm-2 control-label" for="input-hide-extra-desc"><span data-toggle="tooltip" title="<?php echo $help_hide_extra_desc; ?>"><?php echo $entry_hide_extra_desc; ?></span></label>
		  <div class="col-sm-10">
			<div class="checkbox">
			  <label>
				<?php if ($hide_extra_desc) { ?>
				  <input type="checkbox" name="hide_extra_desc" value="1" checked="checked" id="input-hide-extra-desc" />
				<?php } else { ?>
				  <input type="checkbox" name="hide_extra_desc" value="1" id="input-hide-extra-desc" />
				<?php } ?>
			  &nbsp; </label>
			</div>
		  </div>
		</div>
	  ]]></add>
    </operation>
    <operation error="skip">                           
      <search><![CDATA[$('#input-description<?php echo $language['language_id']; ?>').summernote({]]></search>
      <add position="before" offset="1"><![CDATA[
	    <?php foreach ($languages as $language) { ?>
		  $('#input-full-description<?php echo $language['language_id']; ?>').summernote({
			height: 300
		  });
		<?php } ?>
	  ]]></add>
    </operation>	
  </file>
  <file path="admin/model/catalog/category.php">
	<operation error="skip">                           
      <search><![CDATA[`top` = '" . (isset($data['top']) ? (int)$data['top'] : 0) . "',]]></search>
      <add position="replace"><![CDATA[`top` = '" . (isset($data['top']) ? (int)$data['top'] : 0) . "', `hide_extra_desc` = '" . (isset($data['hide_extra_desc']) ? (int)$data['hide_extra_desc'] : 0) . "',]]></add>
    </operation>
    <operation error="skip">                           
      <search><![CDATA[description = '" . $this->db->escape($value['description']) . "',]]></search>
      <add position="replace"><![CDATA[description = '" . $this->db->escape($value['description']) . "', extra_description = '" . $this->db->escape($value['extra_description']) . "',]]></add>
    </operation>
	<operation error="skip">                           
      <search><![CDATA['description'      => $result['description']]]></search>
      <add position="replace"><![CDATA[
	    'description'      => $result['description'],
		'extra_description' => $result['extra_description']	
	  ]]></add>
    </operation>
  </file>
  <file path="catalog/language/russian/product/category.php">
    <operation error="skip">                           
      <search><![CDATA[$_['text_limit']        = 'Показать:';]]></search>
      <add position="after"><![CDATA[
		$_['text_extra_description_show'] = 'Показать описание';
		$_['text_extra_description_hide'] = 'Скрыть описание';
	  ]]></add>
    </operation>	
  </file>
  <file path="catalog/language/english/product/category.php">
    <operation error="skip">                           
      <search><![CDATA[$_['text_limit']        = 'Show:';]]></search>
      <add position="after"><![CDATA[
		$_['text_extra_description_show'] = 'Show description';
		$_['text_extra_description_hide'] = 'Hide description';
	  ]]></add>
    </operation>	
  </file>
  <file path="catalog/controller/product/category.php">
    <operation error="skip"> 
      <search><![CDATA[$data['text_limit'] = $this->language->get('text_limit');]]></search>
      <add position="before"><![CDATA[
		$data['text_extra_description_show'] = $this->language->get('text_extra_description_show');
		$data['text_extra_description_hide'] = $this->language->get('text_extra_description_hide');
	  ]]></add>
    </operation>
	<operation error="skip"> 
      <search><![CDATA[$data['description'] = html_entity_decode($category_info['description'], ENT_QUOTES, 'UTF-8');]]></search>
      <add position="before"><![CDATA[
		if ($category_info['hide_extra_desc']) {
		  if (!isset($this->request->get['page']) || $this->request->get['page'] == 1) {
			$data['extra_description'] = html_entity_decode($category_info['extra_description'], ENT_QUOTES, 'UTF-8');
		  }else{
			$data['extra_description'] = '';
		  }
		}else{
		  $data['extra_description'] = html_entity_decode($category_info['extra_description'], ENT_QUOTES, 'UTF-8');
		}
	  ]]></add>
    </operation>	       
  </file>
  <file path="catalog/view/theme/*/template/product/category.tpl">
    <operation error="skip">                           
      <search><![CDATA[<?php echo $content_bottom; ?>]]></search>
      <add position="before"><![CDATA[ 
		<?php if ($extra_description) { ?>
		  <hr>
		  <div class="row">
			<div class="col-sm-12">
			  <div id="addDescription" class="panel-collapse collapse in" role="tabpanel" aria-labelledby="headingAddDescription">
				<div class="panel-body">
				  <?php echo $extra_description; ?>
				</div>
			  </div>
			  <div class="panel-heading text-center visible-xs hidden-sm hidden-md hidden-lg" role="tab" id="headingAddDescription">
				<a id="btn" class="btn btn-default" data-toggle="collapse" href="#addDescription" aria-expanded="true" aria-controls="addDescription">
				  <?php echo $text_extra_description_show; ?>
				</a>
			  </div>
			</div>
<script>
$(document).ready(function(){
  if ($(window).width() <= 768){  
    $('.panel-collapse').removeClass('in');
  }
});
$(window).resize(function(){
  if ($(window).width() >= 768){  
    $('.panel-collapse').addClass('in');
  }
  if ($(window).width() <= 768){  
    $('.panel-collapse').removeClass('in');
  }
});
		
$('a[data-toggle="collapse"]').click(function(e){
  if ($(window).width() >= 768) {  
    e.stopPropagation();
  }    
});		

$(function(){
  $("#btn").click(function () {
	$(this).text(function(i, text){
	  return text === "<?php echo $text_extra_description_hide; ?>" ? "<?php echo $text_extra_description_show; ?>" : "<?php echo $text_extra_description_hide; ?>";
	})
  });
});
</script>
		  </div>
		<?php } ?>
	  ]]></add>
    </operation>	       
  </file> 
</modification>