<?xml version="1.0" encoding="utf-8"?>
<modification>
    <name>Price Filter</name>
    <version>1.0</version>
    <author>Andrew K. (andrew8k)</author>
	<code>price_filter</code>
    <file path="catalog/controller/product/category.php">
        <operation>
            <search><![CDATA[$product_total = $this->model_catalog_product->getTotalProducts($filter_data);]]></search>
            <add position="before"><![CDATA[
            if ($this->config->get('price_filter_status')) {
				if (isset($this->request->get['price_filter'])) {
					$p = explode('-', $this->request->get['price_filter']);

					$price_filter = array();
					$price_filter['min'] = (int)$p[0];
					$price_filter['max'] = (int)$p[1];

					$filter_data['price_filter'] = $price_filter;
				}
            }
            ]]></add>
        </operation>
		<operation>
			<search><![CDATA[$pagination = new Pagination();]]></search>
			<add position="before"><![CDATA[
			if (isset($this->request->get['price_filter'])) {
				$url .= '&price_filter=' . urlencode(htmlspecialchars_decode($this->request->get['price_filter']));
			}
			]]></add>
		</operation>
		<operation>
			<search><![CDATA[$data['sorts'] = array();]]></search>
			<add position="before"><![CDATA[
			if (isset($this->request->get['price_filter'])) {
				$url .= '&price_filter=' . urlencode(htmlspecialchars_decode($this->request->get['price_filter']));
			}
			]]></add>
		</operation>
		<operation>
			<search><![CDATA[$data['limits'] = array();]]></search>
			<add position="before"><![CDATA[
			if (isset($this->request->get['price_filter'])) {
				$url .= '&price_filter=' . urlencode(htmlspecialchars_decode($this->request->get['price_filter']));
			}
			]]></add>
		</operation>
    </file>
    <file path="catalog/model/catalog/product.php">
        <operation>
            <search index="0" limit="1"><![CDATA[$query = $this->db->query($sql);]]></search>
            <add position="before"><![CDATA[
        if (!empty($data['price_filter'])) {
        	$this->load->model('module/price_filter');
			$sql = $this->model_module_price_filter->getProducts($data);
        }
		]]></add>
        </operation>
		<operation>
			<search index="0" limit="1"><![CDATA[return $query->row['total'];]]></search>
			<add offset="2" position="before"><![CDATA[
        if (!empty($data['price_filter'])) {
        	$this->load->model('module/price_filter');
			$sql = $this->model_module_price_filter->getTotalProducts($data);
        }
		]]></add>
		</operation>
    </file>
</modification>