<!-- Created using vQmod XML Generator by UKSB - http://uksb.github.com/vqgen/ //-->
<modification>
	<id><![CDATA[Acute Category Manager]]></id>
	<version><![CDATA[1.0]]></version>
        <name>Menu Item for the Acute Category Manager</name>
        <code>Acute-Category-Manager</code>
	<vqmver><![CDATA[2.1.6]]></vqmver>
	<author><![CDATA[tabook]]></author>
	<file path="admin/view/template/common/menu.tpl">
		<operation>
			<search><![CDATA[<li><a href="<?php echo $category; ?>"><?php echo $text_category; ?></a></li>]]></search>
			<add position="replace"><![CDATA[<li><a href="<?php echo $category; ?>"><?php echo $text_category; ?></a></li>
<li><a href="<?php echo $category_mgr_lite; ?>"><?php echo $category_mgr_lite_heading_title; ?></a></li>]]></add>
		</operation>
	</file>
	<file path="admin/controller/common/menu.php">
		<operation>
			<search><![CDATA[$this->load->language('common/menu');]]></search>
			<add position="replace"><![CDATA[
$this->load->language('common/menu');
$data['category_mgr_lite'] = $this->url->link('catalog/category_mgr_lite', 'token=' . $this->session->data['token'], 'SSL');
$this->load->language('catalog/category_mgr_lite');
$data['category_mgr_lite_heading_title'] = $this->language->get('category_mgr_heading_title');]]></add>
		</operation>
	</file>
</modification>