<modification>
	<name>3rd Tier Menu Module</name>
	<version>1.0.0</version>
	<link>https://www.qualityworks.eu/</link>
	<author>Quality Works</author>
	<code>QW3TM</code>
	
	<file path="catalog/controller/common/header.php">  
	  <operation>
	      <search><![CDATA[$children_data[] = array]]></search>
	      <add position="before"><![CDATA[
					$grand_children_data = array();
					$grand_children = $this->model_catalog_category->getCategories($child['category_id']);

					foreach($grand_children as $grand_child) {
						$child_filter_data = array('filter_category_id' => $grand_child['category_id'], 'filter_sub_category' => true);

						$grand_children_data[] = array(
							'category_id' => $grand_child['category_id'],
							'name' => $grand_child['name'] . ($this->config->get('config_product_count') ? ' (' . $this->model_catalog_product->getTotalProducts($child_filter_data) . ')' : ''),
							'href' => $this->url->link('product/category', 'path=' . $category['category_id'] . '_' . $child['category_id'] . '_' . $grand_child['category_id'])
						);
					}
		  ]]></add>
	  </operation> 
	  <operation>
	      <search><![CDATA['name'  => $child['name'] . ($this->config->get('config_product_count') ? ' (' . $this->model_catalog_product->getTotalProducts($filter_data) . ')' : ''),]]></search>
	      <add position="after"><![CDATA[
						'column' => $child['column'] ? $child['column'] : 1,
						'grand_children' => $grand_children_data,
		  ]]></add>
	  </operation> 
	  <operation>
	      <search><![CDATA[$this->load->model('catalog/category');]]></search>
	      <add position="before"><![CDATA[
		if (isset($parts[2])) {
			$data['grand_child_id'] = $parts[2];
		} else {
			$data['grand_child_id'] = 0;
		}
		  ]]></add>
	  </operation> 
	</file>
	
    <file path="catalog/view/theme/*/template/common/header.tpl">        
      <operation>
        <search ><![CDATA[<li><a href="<?php echo $child['href']; ?>"><?php echo $child['name']; ?></a></li>]]></search>
        <add position="replace"><![CDATA[<?php if ($child['grand_children']) { ?>
				<li class="dropdown dropdown-submenu"><a href="<?php echo $child['href']; ?>" class="dropdown-toggle" ><?php echo $child['name']; ?></a>
				  <div class="dropdown-menu">
					<div class="dropdown-inner">
					<?php foreach (array_chunk($child['grand_children'], ceil(count($child['grand_children']) / $child['column'])) as $grand_children) { ?>
					<ul class="list-unstyled">
						<?php foreach ($grand_children as $grand_child) { ?>
						<li><a href="<?php echo $grand_child['href']; ?>"><?php echo $grand_child['name']; ?></a></li>
						<?php } ?>
					  </ul>
					  <?php } ?>
					</div></div>
				</li>
				<?php } else { ?>
				<li><a href="<?php echo $child['href']; ?>"><?php echo $child['name']; ?></a></li>
				<?php } ?>]]></add>
	  </operation> 
	  <operation>
        <search ><![CDATA[<link href="catalog/view/theme/default/stylesheet/stylesheet.css" rel="stylesheet">]]></search>
	      <add position="after"><![CDATA[<link href="catalog/view/theme/default/stylesheet/menu-style.css" rel="stylesheet">]]></add>
	  </operation> 
	</file>
	
</modification>