<?xml version="1.0" encoding="UTF-8"?>
<modification>
	<id>Premium Dev Quick Order</id>
	<version>1.7.2</version>
	<author>premium-dev.ru</author>
	<file name="catalog/view/theme/*/template/common/header.tpl">
        <operation info="Adding style">
            <search position="before"><![CDATA[
            </head>
            ]]></search>
            <add><![CDATA[
<link rel="stylesheet" type="text/css" href="catalog/view/stylesheet/pdqo/vendor/magnific-popup/magnific-popup.min.css" />
<link rel="stylesheet" type="text/css" href="catalog/view/stylesheet/pdqo/vendor/animate/animate.min.css" />
<link rel="stylesheet" type="text/css" href="catalog/view/stylesheet/pdqo/pdqo.min.css" />
<link rel="stylesheet" type="text/css" href="catalog/view/stylesheet/pdqo/default.css" />
            ]]></add>
        </operation>
    </file>
	<file name="catalog/view/theme/*/template/common/footer.tpl">
        <operation info="Adding style">
            <search position="before"><![CDATA[
            </body>
            ]]></search>
            <add><![CDATA[
<script type="text/javascript" src="catalog/view/javascript/pdqo/vendor/magnific-popup/jquery.magnific-popup.min.js"></script>
<script type="text/javascript" src="catalog/view/javascript/pdqo/vendor/numbox/jquery.numbox-1.2.0.min.js"></script>
<script type="text/javascript" src="catalog/view/javascript/pdqo/vendor/masked-input/jquery.mask.min.js"></script>
<script type="text/javascript" src="catalog/view/javascript/pdqo/jquery.pdqo-core.min.js"></script>
            ]]></add>
        </operation>
    </file>
</modification>